track_id,acousticness,danceability,energy,instrumentalness,liveness,loudness,speechiness,tempo,valence,emotion
40rvBMQizxkIqnjPdEWY1v,0.000996,0.695,0.876,6.89e-06,0.106,-4.262,0.0553,89.954,0.941,0
0M955bMOoilikPXwKLYpoi,0.00461,0.498,0.83,0.0,0.139,-5.157,0.0421,89.342,0.453,0
5W8YXBz9MTIDyrpYaCg2Ky,0.000481,0.589,0.89,0.00082,0.201,-3.719,0.06,90.586,0.687,0
1AEYT6VxrxXPMoQUxsY0E4,0.000172,0.492,0.896,2.78e-06,0.189,-5.819,0.117,184.981,0.534,0
4eAwB5pnKFTmsgc3zWoYO0,0.00141,0.611,0.95,1.59e-06,0.0543,-3.509,0.0518,132.078,0.607,0
2CGDxXXYbkPOyRXHzQbqkT,0.00289,0.609,0.935,0.000359,0.188,-2.941,0.0478,95.966,0.498,0
5m7on0zpnmeAXy72ANrmfU,0.00298,0.504,0.957,0.0,0.187,-2.657,0.0529,135.013,0.676,0
6nULLS7CipGMSzgQDxDpd1,0.000595,0.557,0.886,9.84e-05,0.0904,-4.196,0.0498,114.025,0.17,0
28IEbk5a7twNTbUEvWslUb,0.157,0.644,0.939,0.0,0.233,-3.486,0.0456,106.031,0.861,0
4LFBVDJV0xpayUvquQVzhS,0.00349,0.447,0.966,0.000198,0.312,-2.966,0.089,178.105,0.533,0
4ILedfIHJ9sabVRjwhSmVW,0.000492,0.626,0.897,0.0,0.333,-3.65,0.0514,121.987,0.883,0
6ZOBP3NvffbU4SZcrnt1k6,0.00664,0.545,0.865,1.1e-05,0.168,-5.708,0.0286,99.005,0.543,0
5anCkDvJ17aznvK5TED5uo,0.000297,0.58,0.916,0.0259,0.126,-4.358,0.0387,118.004,0.683,0
1fnULsZuORnAgCFFbM8nTZ,0.00919,0.486,0.94,0.0,0.0777,-4.237,0.0605,79.727,0.42,0
5uGsG0LfotfWDq6hql4h53,0.17,0.778,0.614,2.61e-06,0.102,-9.897,0.0487,120.005,0.853,0
16DhvbuyvJob4Q9GHNYu2n,0.00935,0.58,0.748,0.0,0.753,-5.433,0.0323,109.781,0.584,0
3e2KBwxibC1rq4bA5TNKW2,0.00473,0.573,0.897,0.0,0.278,-3.549,0.0553,126.034,0.463,0
420JGkyLfLUZcgBHKiIK9v,0.0022,0.446,0.657,0.0,0.189,-4.494,0.0262,152.132,0.215,0
60a0Rd6pjrkxjPbaKzXjfq,0.00958,0.556,0.864,0.0,0.209,-5.87,0.0584,105.143,0.4,0
0gmbgwZ8iqyMPmXefof8Yf,0.00135,0.446,0.764,0.0,0.099,-5.042,0.033,172.094,0.543,0
0COqiPhxzoWICwFCS4eZcp,0.00721,0.331,0.943,2.06e-06,0.242,-3.188,0.0698,94.612,0.296,0
2nLtzopw4rPReszdYBJU6h,0.00353,0.488,0.87,0.0,0.484,-4.185,0.0421,110.072,0.211,0
0UrWr7Jnu1heq1o99ZwUd0,0.00834,0.563,0.86,0.0106,0.39,-7.533,0.0621,97.867,0.517,0
1SDl9wY1MqbpJQW0yKEWxL,0.00159,0.507,0.966,0.0,0.336,-2.635,0.046,136.035,0.502,0
1fQaoh3imrMunWVZh5kf90,0.000332,0.576,0.906,0.0614,0.0908,-7.677,0.0571,127.935,0.211,0
0EYOdF5FCkgOJJla8DI2Md,0.00662,0.538,0.981,0.0,0.219,-2.688,0.14,101.414,0.711,0
3IV4swNduIRunHREK80owz,0.00591,0.603,0.933,0.0,0.206,-3.358,0.171,96.311,0.709,0
59WN2psjkt1tyaxjspN8fp,0.0266,0.466,0.833,0.0,0.0327,-4.215,0.304,88.785,0.661,0
5z6xHjCZr7a7AIcy8sPBKy,0.00316,0.653,0.964,0.0051,0.144,-4.26,0.0578,126.928,0.872,0
4Gd9PUEuOTOJtbgd4YxLXM,0.000731,0.441,0.815,0.0,0.414,-4.088,0.0276,164.007,0.522,0
2aIB1CdRRG7YLBu9hNw9nR,0.000779,0.621,0.834,0.456,0.0611,-10.068,0.0557,143.973,0.937,0
6gZVQvQZOFpzIy3HblJ20F,0.00045,0.355,0.791,0.0,0.0969,-7.565,0.0453,106.392,0.758,0
0f37VQs969vZUL4gVfHRV9,0.00173,0.551,0.939,0.000254,0.109,-5.369,0.171,90.592,0.372,0
57BrRMwf9LrcmuOsyGilwr,0.0466,0.58,0.702,3.2e-06,0.536,-5.565,0.0337,105.076,0.299,0
6EsBn1Md8C5YdbCzvwvZq8,0.0173,0.458,0.912,0.0,0.363,-3.666,0.0618,104.522,0.611,0
0wvIGFIgbyz4JNwQhZgTv2,0.0289,0.263,0.562,0.00118,0.12,-7.858,0.0273,146.08,0.213,0
1jv1Dfe0lS4c1Vql3n9Ssz,0.000236,0.577,0.883,0.000282,0.287,-3.548,0.0898,91.024,0.683,0
57bgtoPSgt236HzfBOd8kj,0.000147,0.502,0.89,0.0117,0.217,-5.175,0.0364,133.52,0.259,0
4tvBoSWeIW0bjhKNre5mod,0.000613,0.684,0.851,0.0029,0.535,-9.792,0.0407,112.662,0.512,0
7j31rVgGX9Q2blT92VBEA0,0.0506,0.463,0.857,0.0,0.184,-3.063,0.0632,111.647,0.856,0
2M5WTwqnkyz7bW6P1CiD6q,0.000594,0.419,0.878,0.559,0.139,-6.352,0.0553,147.385,0.666,0
5UWwZ5lm5PKu6eKsHAGxOk,5.99e-05,0.413,0.881,0.000308,0.0805,-5.541,0.0367,158.066,0.364,0
08mG3Y1vljYA6bvDt4Wqkj,0.011,0.31,0.7,0.00965,0.0828,-5.678,0.047,188.386,0.763,0
2IZZqH4K02UIYg5EohpNHF,0.0154,0.307,0.635,0.00483,0.366,-8.957,0.0339,166.973,0.304,0
1jq28NGw6wdtFKx8MBPy6C,0.000247,0.617,0.922,0.388,0.363,-3.474,0.0744,132.059,0.6,0
0A3ePIlqgEXdXmHjEW2ztV,4.42e-05,0.455,0.922,0.000663,0.067,-4.499,0.0401,169.819,0.748,0
7i6r9KotUPQg3ozKKgEPIN,0.00817,0.726,0.463,0.447,0.255,-7.828,0.0799,123.881,0.321,0
1FTSo4v6BOZH9QxKc3MbVM,0.00178,0.674,0.789,0.00708,0.0753,-6.903,0.0676,129.802,0.918,0
1uxNeN5106dIHNA0iNKaNX,0.000243,0.531,0.879,0.0,0.0851,-5.815,0.123,89.41,0.611,0
1jzDzZWeSDBg5fhNc3tczV,7.85e-05,0.429,0.631,0.00411,0.175,-11.514,0.0769,162.734,0.376,0
4KfSdst7rW39C0sfhArdrz,0.015,0.548,0.691,0.106,0.144,-13.553,0.0369,137.145,0.667,0
6oMQiqmcVGYm0OfMwNh7rI,0.00227,0.334,0.901,0.0192,0.145,-4.21,0.0899,148.801,0.694,0
3m6KkYKdnbffMpGd9Pm9FP,0.00666,0.745,0.466,0.35,0.272,-7.62,0.0864,123.889,0.303,0
5MMnwYs0hIxkENRsbkWJ2G,0.13,0.598,0.676,0.225,0.112,-9.211,0.0279,114.169,0.805,0
2nVHqZbOGkKWzlcy1aMbE7,0.488,0.48,0.536,4.22e-05,0.155,-11.166,0.0427,80.617,0.581,0
0TI8TP4FitVPoEHPTySx48,0.00367,0.332,0.769,0.00413,0.0372,-11.503,0.0765,157.378,0.525,0
33c2SurTuBpaWAW9YKlvqC,0.00161,0.541,0.738,0.194,0.0983,-12.645,0.0346,105.314,0.588,0
575JT8zeoX23vlgvcUU8pB,0.000254,0.407,0.876,0.00265,0.215,-4.145,0.0529,116.335,0.521,0
2OabutYqS7EZwJwAaRM6PF,0.00208,0.382,0.996,0.0,0.417,-4.119,0.104,93.345,0.327,0
1ENLIbxO4Uma773neTHxbp,0.00502,0.39,0.642,0.565,0.296,-5.266,0.0326,92.397,0.132,0
6RbC38oDCIXD8V2AOU1Tjr,0.000303,0.435,0.901,0.0072,0.185,-3.694,0.0429,143.646,0.547,0
3jJZVeExYzVYiV6Y9Fl3DX,0.0021,0.423,0.954,0.0,0.177,-3.157,0.047,144.553,0.5,0
69QHm3pustz01CJRwdo20z,0.00532,0.389,0.873,0.0055,0.273,-4.768,0.0475,106.767,0.303,0
0gUiRGVtNJXSf3zlTmDOjv,0.0353,0.322,0.626,2.63e-06,0.106,-6.664,0.0304,156.041,0.256,0
3YuaBvuZqcwN3CEAyyoaei,0.00797,0.614,0.568,0.0,0.0997,-5.477,0.0276,107.849,0.516,0
4OaV9UYQ3EfrBRPjoO6u7c,0.188,0.493,0.66,0.0298,0.094,-10.198,0.0457,100.977,0.307,0
2SiXAy7TuUkycRVbbWDEpo,0.00287,0.532,0.767,0.000513,0.39,-5.509,0.0574,127.361,0.755,0
5V3mdRI2yQxbSsJGDPc5lD,0.000353,0.42,0.929,0.000747,0.122,-3.899,0.121,127.204,0.3,0
1twBt7aZiy7HWPG025QGuP,0.00107,0.404,0.923,0.0163,0.0637,-4.235,0.0547,81.058,0.248,0
3Q8zopc4ABXhysDb1sgLVW,0.0139,0.477,0.917,0.0,0.0756,-3.399,0.0814,160.021,0.267,0
0UHxkkgI5GfV0XBRA1rqfe,0.00588,0.555,0.938,0.000162,0.15,-3.854,0.0421,86.986,0.391,0
32V8SrHZnYzZu7V47L2jgK,0.0204,0.486,0.744,0.00298,0.112,-7.176,0.0404,132.446,0.362,0
7CpbhqKUedOIrcvc94p60Y,0.00347,0.656,0.932,0.00147,0.144,-3.405,0.0708,130.936,0.544,0
2qJkesdHu9sMMVFgkRkqhQ,0.00251,0.443,0.844,0.0,0.085,-5.414,0.0425,76.001,0.452,0
3kb72STxc2959ZqsTwu52i,0.0438,0.634,0.849,0.0,0.363,-7.075,0.105,156.004,0.919,0
0snQkGI5qnAmohLE7jTsTn,0.000264,0.413,0.873,0.00249,0.204,-4.151,0.0536,116.68,0.48,0
6VzV6RI7641o57TuqfGRpj,0.00162,0.467,0.67,0.0001,0.195,-4.063,0.0663,146.223,0.457,0
7x8dCjCr0x6x2lXKujYD34,0.000917,0.433,0.959,0.0,0.028,-4.04,0.0431,172.984,0.365,0
0jqblvsI9LBY4irmLVqqEO,0.00267,0.567,0.946,0.0,0.0567,-3.973,0.0935,94.985,0.699,0
3sHH7lklbfpcraDDvYnjo7,0.000248,0.541,0.968,8.28e-06,0.423,-4.129,0.0396,125.04,0.505,0
6xgO2ICtpT8jDcYvVsCKIB,0.00662,0.482,0.927,0.0,0.282,-5.122,0.0665,150.015,0.529,0
7qjbpdk0IYijcSuSYWlXO6,0.000613,0.543,0.965,9.97e-06,0.0883,-4.038,0.0963,155.019,0.715,0
70YvYr2hGlS01bKRIho1HM,0.00249,0.545,0.64,0.0304,0.196,-9.937,0.224,80.544,0.606,0
1UBQ5GK8JaQjm5VbkBZY66,0.000359,0.601,0.859,0.00124,0.0871,-5.263,0.0276,125.145,0.446,0
3vV2FjnoE7VueHi63h75J2,0.00982,0.488,0.957,8.23e-05,0.551,-3.814,0.0895,96.813,0.252,0
0eEJrthp6PcMd33xs2NLrc,1.35e-05,0.586,0.889,0.607,0.0715,-4.331,0.0488,140.535,0.837,0
7zAt4tdL44D3VuzsvM0N8n,0.000429,0.487,0.949,2.91e-05,0.231,-4.217,0.0798,110.02,0.406,0
3eRhs1VE0slbJHySh8hFyV,0.000668,0.497,0.927,0.00381,0.107,-3.93,0.0348,91.805,0.468,0
5ynxx6zC4dgzsMHLYQ04Dc,0.000193,0.55,0.952,0.000666,0.0614,-4.664,0.0924,127.804,0.391,0
2abHKI9Oox4NBEhOh3HMbq,0.00115,0.63,0.86,1.19e-06,0.231,-6.117,0.0327,95.978,0.911,0
6FOpPA0a80RuBqqgDozvja,0.012,0.407,0.896,0.0,0.196,-2.935,0.063,138.697,0.156,0
2CIsr5cqDJeWffps0vtNeq,0.00209,0.538,0.925,0.0,0.258,-3.178,0.0392,98.016,0.443,0
6RJdYpFQwLyNfDc5FbjkgV,9.14e-05,0.402,0.969,0.0325,0.225,-2.825,0.181,173.847,0.262,0
46fyLy4W9HhAkcb67kLaAV,0.00505,0.204,0.898,0.0107,0.31,-5.859,0.0938,98.943,0.14,0
3uyL7AEiz5Z4de6yxl576g,0.00131,0.44,0.818,5.14e-05,0.273,-5.077,0.0388,95.093,0.32,0
44NRdYQw7P0GWuiunRv3hr,2.81e-05,0.219,0.92,0.0,0.102,-4.479,0.0623,166.188,0.376,0
2oDqmfa2g8W893LlwJG1qu,0.000242,0.547,0.714,0.636,0.122,-8.628,0.044,89.996,0.541,0
1XFjh9dU020bEzMCWEhor2,0.000194,0.686,0.607,0.0,0.0621,-8.964,0.0368,123.258,0.436,0
4T3XJJXUnum0t4tJKsEoaG,0.00112,0.276,0.546,4.25e-05,0.283,-9.095,0.0348,179.651,0.124,0
5u6fnmRO5V0PTl5M2Eekeu,0.000251,0.471,0.887,0.000328,0.0975,-3.949,0.0622,130.225,0.345,0
13ZS2V2RsGWguOYYvIqDN5,2.94e-05,0.572,0.859,0.253,0.201,-6.785,0.0352,110.034,0.106,0
4JaJuGSfhcA7kavdgS3yn6,5.12e-05,0.568,0.95,5.92e-06,0.0754,-6.187,0.0639,125.046,0.572,0
7DMb9rGl15ezFOVvFDBZs2,0.000138,0.443,0.891,8.83e-06,0.353,-5.553,0.063,148.5,0.221,0
6W21LNLz9Sw7sUSNWMSHRu,2.23e-05,0.353,0.898,0.105,0.39,-5.877,0.052,103.299,0.525,0
5cZqsjVs6MevCnAkasbEOX,0.0128,0.432,0.884,0.000457,0.166,-6.657,0.128,108.835,0.619,0
3K4HG9evC7dg3N0R9cYqk4,0.0014,0.492,0.969,1.32e-06,0.0787,-4.419,0.0491,95.136,0.538,0
7fcfNW0XxTWlwVlftzfDOR,0.000155,0.43,0.704,0.00221,0.0933,-8.008,0.0804,118.242,0.703,0
6p2liQLGoDaLXgND68bfVt,0.000658,0.687,0.677,0.000146,0.0564,-4.172,0.0508,75.052,0.546,0
48ncRBVLgiu8MY7O70VVw5,0.000101,0.459,0.908,0.202,0.145,-4.937,0.046,80.093,0.495,0
0tZ3mElWcr74OOhKEiNz1x,0.0124,0.412,0.919,0.0601,0.424,-7.291,0.184,166.367,0.572,0
3rjM7GhxdVq1YySsHBs21i,0.000734,0.572,0.961,0.021,0.207,-3.089,0.0625,76.998,0.818,0
77VW8u6inET54YAKN1RSnd,0.00043,0.58,0.983,0.00694,0.0801,-3.291,0.0636,110.053,0.416,0
6xXlurslWqFuyqTCBlErzX,1.74e-05,0.395,0.756,0.00665,0.319,-4.12,0.0544,112.092,0.475,0
5cxp9kjCFyJwzv3lzeX7ku,0.000233,0.463,0.962,0.109,0.0906,-6.43,0.0704,94.003,0.66,0
7MffyPzHHH1YUoUwBzV3W2,0.000828,0.534,0.969,0.014,0.227,-3.937,0.0703,110.958,0.366,0
4Vz9IMt12wOXjZrPoPR9aw,0.0014,0.179,0.912,0.000294,0.582,-3.881,0.0791,182.99,0.289,0
2UlFbS4EtiIj7uLeUvvOMJ,0.0115,0.462,0.791,0.0,0.311,-4.497,0.035,129.974,0.425,0
1PInWkBARsxLyouDqa2GtF,0.00272,0.235,0.86,0.0969,0.388,-2.842,0.0561,127.788,0.342,0
2suxmtefBtovCcOU3XA4L7,0.000541,0.221,0.943,0.000192,0.0469,-5.881,0.0933,66.085,0.223,0
3qzlBED0rjEl4arDNWfZEp,5.23e-05,0.454,0.817,0.000194,0.159,-6.364,0.0357,155.847,0.451,0
5iZJUkqUNlSCpOkCCePMKU,0.00034,0.419,0.734,0.0113,0.0658,-6.941,0.0302,145.799,0.143,0
305WCRhhS10XUcH6AEwZk6,0.00117,0.606,0.957,0.000295,0.14,-3.404,0.0814,105.105,0.603,0
6ZxrUCaynLgKSUudACOTwj,6.06e-05,0.451,0.815,0.0,0.27,-5.55,0.0368,147.974,0.618,0
5DooySfCD1xCJ49gQm9rx7,0.00318,0.559,0.931,1.24e-05,0.0624,-5.863,0.0721,90.911,0.644,0
4UEo1b0wWrtHMC8bVqPiH8,0.000318,0.554,0.949,9.98e-05,0.2,-4.928,0.0787,129.984,0.233,0
2SgbR6ttzoNlCRGQOKjrop,0.00437,0.415,0.908,0.0345,0.082,-9.701,0.0765,114.816,0.437,0
61mWefnWQOLf90gepjOCb3,0.000237,0.354,0.982,0.000294,0.204,-3.026,0.168,143.772,0.194,0
7kF1iPJTj3VFJX9XokQ80F,0.000266,0.478,0.974,0.096,0.0738,-3.866,0.102,141.082,0.275,0
3RAFcUBrCNaboRXoP3S5t1,0.00269,0.568,0.981,0.00275,0.0243,-3.889,0.0887,135.146,0.307,0
0hTiTU0yqthnByyZDD3bcc,0.00075,0.374,0.903,5.85e-06,0.244,-4.49,0.0825,109.118,0.429,0
5ih5herXfvp5coBVFhmoAW,3.4e-05,0.473,0.942,0.0375,0.0627,-2.698,0.0785,173.527,0.75,0
4eNnMvUrSu2TRpySjVC0Pv,0.000137,0.52,0.975,0.826,0.42,-4.421,0.0583,154.058,0.329,0
40UZ85suwIhop8bJbVwkOg,0.00108,0.598,0.939,0.000103,0.201,-3.001,0.0446,97.995,0.42,0
2UDumaw7osnyjH7RZ2DLpB,1.29e-05,0.402,0.97,2.62e-06,0.189,-4.538,0.0668,75.106,0.476,0
2F6FfZ4w8z3eJpSxPotVO5,0.00014,0.468,0.769,0.00124,0.271,-7.036,0.041,104.102,0.17,0
5ugzDiilhy6ILKmKfhEzd7,0.0172,0.587,0.99,0.000668,0.104,-4.496,0.0783,127.992,0.486,0
7lmeHLHBe4nmXzuXc0HDjk,0.0261,0.47,0.978,1.09e-05,0.356,-5.399,0.0727,117.906,0.503,0
2yXyz4NLTZx9CLdXfLTp5E,0.000165,0.533,0.955,1.36e-05,0.38,-3.708,0.0653,107.984,0.55,0
5bU4KX47KqtDKKaLM4QCzh,0.00169,0.657,0.96,0.000997,0.109,-3.524,0.07,126.02,0.567,0
5F29kjOr9bYTUtSPLoixHB,0.00286,0.455,0.809,0.000296,0.0998,-5.845,0.0521,76.036,0.237,0
5Raz1bgliM4doMnDaOyElV,1.38e-05,0.387,0.866,0.129,0.161,-5.336,0.0346,142.35,0.463,0
51Vic2Yi71YKNtLbyJKgQt,0.000206,0.534,0.929,5.58e-05,0.036,-3.609,0.047,122.733,0.447,0
575Sz3R4xOhueUstPObylF,0.00308,0.444,0.913,0.0,0.38,-3.452,0.0992,163.689,0.569,0
3asFGFY3uLjMDmML1p0tYm,0.0015,0.339,0.931,0.000142,0.425,-3.425,0.062,112.545,0.467,0
59TLlOD6sH4cCTSF6ITRkA,0.000127,0.467,0.865,0.000339,0.088,-4.158,0.0351,91.447,0.328,0
1UREw2MCfU0xwBzCAjxlUD,0.0948,0.384,0.921,0.0,0.168,-3.334,0.055,89.922,0.471,0
4OSbctVD37ycS0H3rwRm72,0.00165,0.2,0.977,1.1e-05,0.259,-3.494,0.159,195.711,0.39,0
1Qdnvn4XlmZANCVy3XjrQo,0.000336,0.433,0.854,0.000177,0.162,-3.868,0.0483,89.4,0.368,0
0faXHILILebCGnJBPU6KJJ,7.13e-05,0.392,0.964,0.0387,0.106,-4.441,0.0644,167.024,0.269,0
4urxRqBRiaH0i20OKBsgxc,0.000666,0.578,0.897,0.0,0.0924,-3.906,0.0357,115.491,0.737,0
4a9i7rCLfPjbS1sNamZeQN,7.19e-05,0.543,0.808,0.00336,0.114,-5.484,0.0407,95.19,0.472,0
42ZVk59gT4tMlrZmd8Ijxf,0.000209,0.429,0.966,0.124,0.371,-4.605,0.0733,179.956,0.525,0
4Yf5bqU3NK4kNOypcrLYwU,0.127,0.554,0.98,0.0,0.0833,-3.514,0.108,135.12,0.611,0
7Ml1vXT6LaH34jVBGYygWY,6.13e-05,0.406,0.932,0.0,0.053,-3.386,0.0935,130.077,0.29,0
4eTIe5eqds88bA9ua6p5p6,0.00049,0.442,0.855,0.0137,0.273,-2.985,0.0288,175.543,0.363,0
1SpjTDqWwEMche6JR9iOYz,9.31e-06,0.376,0.963,0.92,0.343,-2.99,0.0783,159.886,0.507,0
0FnugIN4Slm0weQqL8OXEM,0.000249,0.667,0.855,0.0479,0.0888,-3.088,0.0335,113.99,0.868,0
0UGsSjbp8vhm8QfNOIdmMy,0.000306,0.388,0.943,0.0,0.168,-2.927,0.104,154.721,0.162,0
55mJleti2WfWEFNFcBduhc,0.0012,0.567,0.714,0.417,0.186,-8.512,0.0302,107.441,0.191,0
0Yfpc5zHc9pElVCQ1bPlF4,0.000312,0.402,0.73,0.323,0.103,-9.327,0.0455,104.527,0.296,0
0INUE1K7cEiE8VH63Rv5RJ,0.000823,0.546,0.97,2.08e-05,0.275,-2.661,0.097,100.065,0.383,0
1Y13csEpu3TK5gQdzGLrd8,0.00114,0.579,0.812,0.00333,0.115,-6.509,0.0693,152.002,0.278,0
1sjrDQXqAa9V07FjKIlAQ4,0.000144,0.301,0.823,0.000309,0.0833,-4.072,0.0433,152.017,0.372,0
1dx9FK2w7DxMyKnPcBeptQ,7.42e-06,0.471,0.975,0.0,0.324,-2.087,0.0765,102.936,0.235,0
1pCQpsWJDoiBCSy5o6cvQT,0.000848,0.391,0.949,4.12e-06,0.058,-2.237,0.16,100.008,0.188,0
6aF5JtQSrh7wNrkDE9B0My,0.00132,0.56,0.903,0.0,0.291,-4.77,0.0754,143.821,0.581,0
3a9urnht8HvfFzPwd0ipx6,7.6e-05,0.369,0.995,0.00589,0.241,-2.584,0.12,185.985,0.27,0
3ENHpbTuY72FukZbwGP6bc,0.00055,0.611,0.648,0.0028,0.0846,-4.579,0.0441,132.983,0.457,0
1yo3kUDbRC60FCroxINeJQ,1.6e-05,0.387,0.983,0.66,0.267,-2.769,0.068,170.075,0.443,0
5mpUKTdskZea0gStWzeHUZ,0.000118,0.427,0.946,0.0253,0.0604,-2.188,0.0469,101.305,0.237,0
0CwYG1UnRmOx8Q1EzElCIL,0.00107,0.46,0.796,0.0,0.106,-4.501,0.0333,100.011,0.182,0
2UREu1Y8CO4jXkbvqAtP7g,0.0431,0.64,0.957,0.0,0.0789,-2.336,0.0741,134.992,0.692,0
6Wx88Mv6b9ofjKMKkdwOJd,0.000235,0.493,0.808,0.0,0.0983,-3.365,0.0362,117.971,0.38,0
51c94ac31swyDQj9B3Lzs3,0.000249,0.269,0.853,0.000246,0.118,-4.647,0.0854,141.581,0.179,0
4QJLKU75Rg4558f4LbDBRi,8.67e-05,0.485,0.911,0.0,0.092,-5.749,0.0355,89.956,0.568,0
779ooI3rBd0CLqCiiJmtVo,0.00216,0.427,0.843,0.0,0.179,-4.54,0.0364,147.387,0.304,0
2cCWbBmadLbKvr9xddC79R,0.00304,0.598,0.808,0.0,0.147,-5.209,0.0388,128.025,0.288,0
5vRPXm59z8ewWO6WiJHg3m,0.0277,0.505,0.778,0.00275,0.115,-4.778,0.0398,140.493,0.284,0
43FQs7KUx1P1J7QvO6Fjhc,0.00248,0.458,0.702,0.334,0.118,-8.204,0.0323,122.451,0.666,0
5wBLDkxVvclanSitx5jq8e,0.0138,0.512,0.943,0.0,0.261,-5.185,0.106,163.128,0.485,0
0CA3RxBx2xSQXPfpmUBK1v,9.4e-06,0.373,0.737,0.0,0.0696,-5.282,0.0297,177.9,0.565,0
0LPx8WfsRrXCF92YtINFtN,0.00858,0.481,0.82,0.0,0.0756,-3.508,0.031,139.936,0.345,0
55KYlnsC6nYnr3IykbmJwE,0.000345,0.548,0.911,0.0,0.23,-3.701,0.0397,128.036,0.654,0
1Vej0qeQ3ioKwpI6FUbRv1,0.00022,0.524,0.939,0.0,0.623,-3.994,0.113,150.184,0.661,0
1gyee1JuFFiP476LQpRMYU,0.000671,0.509,0.843,0.000803,0.348,-3.318,0.0488,140.055,0.332,0
6dRAAG4sB71NAtVCHJep7s,0.000281,0.468,0.851,0.00483,0.0644,-3.617,0.0398,92.079,0.293,0
0nErfLIYBOb0DHE2jqAe6k,0.000145,0.671,0.934,1.81e-05,0.104,-4.496,0.0486,124.005,0.832,0
1x0AirtLjfVquI0A9iBVep,0.000116,0.564,0.968,3.97e-05,0.226,-3.75,0.0631,103.885,0.352,0
2gSVKxPDww9Eep5rdvtdem,0.02,0.577,0.864,1.71e-06,0.683,-3.981,0.0462,97.225,0.609,0
4BJyt25nburVwbnESDeIc7,0.00305,0.49,0.774,8.16e-05,0.12,-5.436,0.0604,153.048,0.297,0
6GtX0jaNL8IjVQfrDBx81z,5.59e-05,0.404,0.72,0.836,0.0466,-9.18,0.0623,121.864,0.475,0
14EORgkbXqIx5K4Haucmnb,0.000108,0.552,0.988,0.309,0.846,-2.555,0.0787,139.941,0.619,0
6nJPHXRpKYv2yqtalEjKy5,1.85e-05,0.498,0.905,0.765,0.383,-5.721,0.0521,123.338,0.584,0
1PJRDeZSoZk7gtisdTYfLi,0.000305,0.588,0.927,3.83e-05,0.195,-4.776,0.113,93.571,0.652,0
3UULkHdmLDqBDPmBYltoRE,9.33e-06,0.496,0.981,0.0,0.0958,-3.268,0.108,109.905,0.163,0
28D0Hfi6x9zAeGr1sDYBkb,0.841,0.265,0.255,0.138,0.247,-11.284,0.0358,116.572,0.11,1
3662ksoTSd52DjBVdcurcB,0.835,0.246,0.571,0.88,0.109,-14.169,0.0519,137.563,0.159,1
5uGk3v4dLFzUfPpKdW1vDz,0.961,0.337,0.0337,0.879,0.101,-18.213,0.0475,162.457,0.0569,1
68ml3Lm4GNTlpNmmUJfvUu,0.000421,0.172,0.4,0.0334,0.111,-10.423,0.032,111.95,0.038,1
2n2Uugl3wR9s2pYjIKbbL9,0.602,0.23,0.154,0.0186,0.15,-15.714,0.036,144.692,0.137,1
3FmOCXB7Gj9931lGFXpWHl,0.423,0.538,0.265,0.927,0.191,-19.833,0.031,117.882,0.0377,1
3N5DU8yxyasg4hyHhIjNyz,0.448,0.484,0.363,0.962,0.0824,-12.149,0.0364,120.016,0.0325,1
7eIcp5Uw6w6Qd1iCmcTECM,0.901,0.233,0.0501,0.969,0.0915,-15.489,0.0538,85.786,0.0241,1
1Vya0Wd5w4HGeEvCipqg74,0.885,0.204,0.12,0.916,0.0965,-18.706,0.0378,88.786,0.0384,1
3kOLSO0EZvDZvJh1uX3J5X,0.955,0.568,0.331,0.327,0.15,-17.416,0.0445,75.87,0.305,1
1bBvch0ad2VfBuPUXJTV8I,0.951,0.311,0.181,0.886,0.152,-16.076,0.0496,75.865,0.031,1
4WiqPbWvLbv317E8fB4SJC,0.856,0.167,0.0721,0.265,0.0758,-19.221,0.0339,86.116,0.0388,1
0RK9q7CT0F8wRKVX4hlagk,0.849,0.277,0.244,0.855,0.129,-13.169,0.0295,75.703,0.0671,1
00De7REGurYkmfrKAh6CU1,0.51,0.218,0.104,0.692,0.0688,-22.809,0.047,114.592,0.0329,1
0nT8lBl2AN4EdvujYa5GmG,0.788,0.159,0.106,0.98,0.247,-33.767,0.0556,77.288,0.0331,1
2oZBR0rdkFfgkyQ4lVShfd,0.962,0.258,0.0706,0.781,0.107,-23.893,0.0414,117.755,0.0362,1
3FOhluDgeCoJDfc7vAISSo,0.0422,0.619,0.634,0.852,0.161,-8.365,0.0349,137.645,0.163,1
3EfXB0To1zCbgDgPkSt9pR,0.972,0.539,0.3,0.95,0.0737,-17.864,0.0476,120.007,0.0607,1
0UhDZa2lBi7iyKtWXpby59,0.642,0.562,0.12,0.892,0.107,-18.712,0.0288,98.888,0.0487,1
0LIc6Ktjr7XnwnRylXWSIM,0.942,0.68,0.08,0.645,0.0749,-13.763,0.063,119.647,0.0663,1
6xFK2P3LmaionULnNOOlqq,0.474,0.575,0.43,0.961,0.197,-14.234,0.0317,122.907,0.134,1
0V7wkk4c6GUJyVs8Ou2XpF,0.85,0.271,0.227,0.993,0.313,-20.34,0.0421,36.702,0.0361,1
4SnXMlF03pGItpNkxZ6iaj,0.917,0.176,0.305,0.456,0.159,-15.797,0.0426,72.171,0.129,1
3hdquxjWlgbFvT4Uh7oIF5,0.675,0.155,0.026,0.968,0.128,-30.307,0.047,62.543,0.0365,1
0iLFUBs7HyMolbdHvYY5lz,0.143,0.218,0.26,0.135,0.0832,-12.986,0.0292,104.786,0.034,1
3GL9HZJA6URpDLNESgmfMB,0.946,0.694,0.348,0.446,0.0403,-13.156,0.551,78.867,0.102,1
7JDINBDWfl0GmL5Wnt66zy,0.676,0.549,0.0216,0.412,0.146,-16.583,0.121,83.873,0.18,1
1jjwXZwC4QZxjC1cU93cC5,0.899,0.211,0.505,0.88,0.0936,-10.047,0.0426,130.414,0.0942,1
5VgJQc4YGkJ2poIdCdmEcg,0.972,0.246,0.108,0.709,0.361,-21.412,0.0283,82.367,0.212,1
165vtrm98otIg9Q36AfuDP,0.751,0.121,0.0505,0.896,0.109,-20.626,0.0348,95.485,0.0347,1
7oIs6mfABQ5tWgQgelhwzC,0.9,0.196,0.214,0.877,0.562,-20.091,0.0738,64.448,0.0378,1
3FygG4OdxiUoB1G6h2rmTB,0.00111,0.388,0.225,0.925,0.0859,-18.056,0.0454,120.796,0.079,1
772wRzI6VkJmYYX6UDsN7k,0.602,0.231,0.288,0.916,0.0964,-15.332,0.0332,62.756,0.239,1
37AeIi2vuBSWmJdG3zXn3k,0.72,0.482,0.533,0.913,0.46,-9.209,0.058,127.983,0.157,1
4BfZixUMNsgFdqfLlQCt3s,0.892,0.225,0.229,0.672,0.233,-17.42,0.0285,60.969,0.0364,1
7hl7DsrdikynUcsCcikkf7,0.89,0.404,0.417,0.752,0.0636,-7.714,0.0353,114.98,0.0389,1
03COGSUYyXlhwxa2kAUsXM,0.0505,0.36,0.21,0.203,0.0687,-20.737,0.0321,98.806,0.0366,1
2y5uipYBTEjZfdZALsXdY5,0.233,0.49,0.404,0.0992,0.243,-17.056,0.034,90.065,0.154,1
0Y0GcxRARkm4aOH9yRmbf9,0.72,0.55,0.325,0.721,0.104,-15.902,0.0319,149.012,0.225,1
4odaTt0ZcHQAifVHM3dSYD,0.985,0.287,0.095,0.973,0.127,-17.313,0.0377,109.402,0.0386,1
4yaMIPhBkF1w6o9nnHiz0W,0.886,0.487,0.0552,0.857,0.11,-19.934,0.0312,119.9,0.268,1
3iJP1AzZzlbUqJNJUvfJo3,0.934,0.241,0.243,0.798,0.167,-18.811,0.0641,131.105,0.043,1
1XAIPJj2b0QPZ7tZMANgrj,0.707,0.187,0.102,0.539,0.38,-24.147,0.0377,63.428,0.0324,1
4gBHzGriOL9bhAH5H5TcvI,0.983,0.175,0.000922,0.928,0.0843,-32.269,0.047,77.133,0.0564,1
5t9tNvr2PMySMEwa00KKWK,0.976,0.369,0.132,0.599,0.0788,-17.839,0.0312,135.229,0.158,1
2zN18Jr6veZCZdNNEvfedw,0.855,0.112,0.189,0.856,0.11,-14.757,0.0367,93.647,0.029,1
1Fqw3Rhetwn4AbJSWka3t0,0.832,0.242,0.241,0.693,0.13,-16.04,0.0341,128.252,0.0371,1
22FpIMXlCuIzAANXGnx5pD,0.973,0.255,0.0393,0.949,0.0775,-27.549,0.0433,110.145,0.0649,1
3IXUYVAWAc7gTkivrc4QTk,0.261,0.347,0.393,0.81,0.279,-15.287,0.0403,117.693,0.109,1
3VPtEJImfkCd051XX4Lafu,0.986,0.697,0.029,0.889,0.0747,-22.441,0.0899,116.288,0.0795,1
7xToWWonEBX2NbGUEvLrTh,0.934,0.216,0.146,0.905,0.105,-14.8,0.0372,80.653,0.0542,1
45ow7mU84aMxjKsqb2MjHb,0.673,0.255,0.131,0.847,0.0892,-22.551,0.0397,75.092,0.0316,1
0kyQXA9L99OvdN3VGSEChO,0.781,0.383,0.308,0.461,0.661,-11.26,0.0336,129.941,0.231,1
0pawC2EFDGZvBeWTdImfwG,0.944,0.234,0.228,0.884,0.157,-19.968,0.0369,111.762,0.0482,1
7Ad2gUDCQ3PdvMiZGcvN4r,0.874,0.114,0.0594,0.967,0.0826,-24.757,0.0368,78.981,0.0363,1
0L2WFbOxfJeuu29p3y8gfe,0.458,0.134,0.281,0.776,0.106,-14.838,0.0436,176.062,0.0365,1
5F9csSXROlrxmcA7zziwYI,0.477,0.193,0.264,0.425,0.156,-18.644,0.0374,123.147,0.0394,1
4moqMVz473dWvQRcxWHsDy,0.946,0.198,0.0262,0.887,0.098,-39.265,0.035,76.994,0.0389,1
4rWZjQjoC0k3TaCmvLbZHw,0.323,0.108,0.469,0.871,0.0835,-11.586,0.0464,68.221,0.0407,1
3zrk83IjQy6YEQXUB39ieP,0.657,0.163,0.306,0.763,0.0859,-15.107,0.108,91.224,0.0442,1
0f6t3kaQxnKcpfMSYpRdul,0.991,0.58,0.249,0.841,0.115,-17.69,0.0494,150.106,0.485,1
0blveAryvPbFdXQRDqbeEa,0.938,0.566,0.0497,0.676,0.104,-21.114,0.381,123.805,0.296,1
1hyfDcEzb17f7oq6KbRofJ,0.392,0.0957,0.22,0.952,0.218,-18.301,0.037,86.322,0.0304,1
5U13nJMHImwWTmOPhwz7jO,0.847,0.0675,0.138,0.923,0.0846,-15.585,0.0355,73.631,0.0364,1
5VMfa6KO8QOShgdZzPxvMv,0.3,0.227,0.386,0.933,0.0913,-8.532,0.0355,64.289,0.0356,1
4ZqUTFr0MnjW53VyfphPE6,0.931,0.323,0.189,0.921,0.105,-16.784,0.0338,62.848,0.0337,1
1G6o5nJ0XHhhIu7dXtZ8XV,0.879,0.465,0.248,0.896,0.112,-28.222,0.03,99.977,0.36,1
4se6ISqLbiOhA0t4382HxE,0.913,0.178,0.199,0.799,0.0882,-13.982,0.0347,106.058,0.0349,1
45EsuvNDt2juEytk79BZkB,0.945,0.148,0.347,0.679,0.1,-14.805,0.0525,176.977,0.127,1
4e7qe9jBwMxyQanAs87AHK,0.264,0.527,0.556,0.856,0.0864,-14.358,0.0336,107.717,0.395,1
4XuKy6rZqB5LPi0oFCcdEM,0.974,0.409,0.0879,0.797,0.109,-19.919,0.0514,76.038,0.0391,1
3AfG90cdV9IxCDTyjleSk3,0.113,0.0769,0.333,0.734,0.11,-15.69,0.0454,81.05,0.0648,1
1kKfs1ZWj9BG6WFZl5MeMW,0.564,0.148,0.0756,0.729,0.0843,-28.565,0.037,73.128,0.0341,1
60YzSIV9nEcal7CO4UMxF6,0.988,0.665,0.0673,0.881,0.103,-16.886,0.0935,124.277,0.134,1
70TcUhwpKisButgsZ87rYC,0.985,0.256,0.888,0.894,0.143,-15.056,0.0573,58.744,0.0296,1
7b8OAPjsUN31VednIkGClK,0.98,0.184,0.208,0.0768,0.303,-12.819,0.0438,165.409,0.12,1
5fgnQX1Hm2L26oa90Sz4Vp,0.654,0.227,0.012,0.186,0.0896,-32.875,0.042,102.593,0.0402,1
7e1bahTd01oHfbjMPigccN,0.991,0.202,0.00668,0.9,0.101,-27.287,0.0429,66.377,0.0683,1
0O6GM8gBnc7YOX4MsnVLvd,0.673,0.157,0.401,0.961,0.271,-15.04,0.0407,96.946,0.0679,1
7JvWJc1JVnTqWZRDOF3r61,0.171,0.0865,0.0395,0.914,0.117,-26.322,0.0397,60.366,0.106,1
3Dsztrm26q4CZTih0hKDou,0.989,0.322,0.00387,0.888,0.108,-27.928,0.0462,68.406,0.0464,1
11KfPK2HJV543eXhoC8xNz,0.89,0.115,0.15,0.897,0.102,-17.311,0.0397,80.507,0.0291,1
212X4PWiWwUWX8Xxg5L7E3,0.299,0.595,0.609,0.717,0.102,-17.524,0.0657,154.407,0.0369,1
7gBLG60Mj0WkGsrsc8ruaH,0.949,0.103,0.0573,0.346,0.294,-24.784,0.0454,169.631,0.0299,1
2teTZKjFVUWdVkhww9SkX3,0.722,0.129,0.266,0.972,0.151,-17.083,0.0349,77.357,0.0332,1
6wjzOCbqkJSblEPwynPdvi,0.125,0.169,0.193,0.921,0.559,-18.188,0.0755,115.295,0.0329,1
4D7itpgDVbwjrQReD7eFCf,0.797,0.449,0.617,0.96,0.168,-9.721,0.0371,111.039,0.397,1
2rcbbvI7eMG5NsPuxOpaiI,0.94,0.198,0.111,0.966,0.0879,-23.532,0.0366,78.534,0.0358,1
52JP1M5a8WlPdyh7VOkYwL,0.933,0.164,0.0989,0.867,0.114,-20.121,0.0382,64.538,0.0383,1
1YDGmq7oWGfxR0J5y8AL5Y,0.987,0.2,0.0162,0.953,0.0844,-24.397,0.0451,70.882,0.0398,1
1BvmsJsEzgWTsigenuv6sf,0.0547,0.371,0.406,0.884,0.429,-16.1,0.0413,151.988,0.197,1
5rwltqXrIniDtZIx4J6u50,0.31,0.169,0.0598,0.924,0.173,-22.07,0.0339,81.986,0.0318,1
5jYaqMXbUXyUk9VQgOWR4K,0.599,0.203,0.107,0.926,0.111,-22.716,0.0329,90.028,0.038,1
4XJhmauJ6Cff44L2LoggKD,0.574,0.101,0.151,0.806,0.104,-14.481,0.0355,66.246,0.0289,1
1kwQ2WKfs5apzQ1GT3sjUI,0.943,0.619,0.17,0.572,0.0675,-17.802,0.0275,139.935,0.0369,1
1NrdSFF2a3j69zruZelAUe,0.0556,0.3,0.0355,0.912,0.0782,-24.389,0.039,104.017,0.0381,1
2uuN953EdDUQWKC1deeWDW,0.5,0.269,0.172,0.868,0.149,-22.118,0.0449,79.316,0.183,1
1T8qhKiVaIPPsLgbuTFwqp,0.148,0.172,0.0898,0.891,0.105,-24.68,0.043,122.594,0.0331,1
3GO3jZHbJCPCEvsY52X1NO,0.799,0.179,0.304,0.93,0.314,-19.13,0.0355,105.87,0.0838,1
6S1ozoWvHaQHriIKyYC8t9,0.917,0.568,0.0938,0.904,0.364,-25.243,0.0325,99.947,0.118,1
18SnnFjvp2mZFcVS23SU6m,0.0184,0.62,0.0744,0.883,0.0999,-20.678,0.0341,108.213,0.109,1
5bx2nNV74XMkFuT0jig4FU,0.616,0.362,0.328,0.873,0.618,-12.051,0.0326,74.768,0.0713,1
4QfDzz1WJkNvilNEnlUsgn,0.818,0.23,0.258,0.568,0.263,-17.737,0.0322,88.091,0.0659,1
17dS5iy1iXUJLfcYmFysd1,0.618,0.274,0.191,0.901,0.189,-13.439,0.0365,73.045,0.0302,1
4EcxMlt5aqFzOApOUOLSgf,0.574,0.505,0.317,0.883,0.0629,-15.417,0.0284,97.995,0.0394,1
3lIniYPvbA0PEz5ggV9qbL,0.606,0.151,0.0848,0.447,0.124,-27.209,0.041,65.514,0.0725,1
61fBpJBrnORYZIkYFOas8z,0.987,0.661,0.00969,0.948,0.108,-28.062,0.0393,130.044,0.0324,1
7C0PLU09wuagiab4Ks3Yih,0.544,0.4,0.156,0.933,0.217,-17.666,0.0447,136.219,0.0372,1
22cJtBKJkBX78qmTOUTX9q,0.857,0.223,0.216,0.918,0.127,-15.776,0.04,136.62,0.0399,1
0KszqO9pbNKXJcIPk4n65Z,0.108,0.409,0.594,0.349,0.167,-10.239,0.0378,137.175,0.232,1
40KhbrKnYmg5WQZIaD2RSU,0.761,0.0732,0.256,0.953,0.0997,-17.382,0.0356,178.597,0.0326,1
7ymrXYasnPS7ES4kmpzVye,0.988,0.329,0.0666,0.913,0.118,-19.454,0.0392,68.091,0.039,1
3rifZ7VFpt5pfayWknwfY6,0.862,0.45,0.32,0.506,0.16,-14.133,0.0439,119.849,0.0462,1
0mt7u22d1yfLR6zna34XYk,0.98,0.63,0.192,0.896,0.108,-14.102,0.0426,144.904,0.49,1
6e18hgBOHz53Xb3za93Eey,0.405,0.195,0.168,0.972,0.0865,-22.176,0.0377,102.54,0.0271,1
0tKTr4FRGpunqGobGMpjiW,0.753,0.517,0.349,0.806,0.12,-17.35,0.0553,128.484,0.101,1
5bq5XsEQ2QEoxQn22EJXmd,0.708,0.199,0.247,0.839,0.166,-18.179,0.0436,67.968,0.0337,1
6PGIZXxvDYQYbdxWT8mUB0,0.903,0.38,0.184,0.911,0.132,-23.831,0.0389,159.242,0.0385,1
2qSkIjg1o9h3YT9RAgYN75,0.107,0.701,0.76,6.54e-05,0.185,-5.478,0.0285,103.969,0.69,2
3RfTeIrWS8LNrfHYwechtt,0.35,0.768,0.716,0.0,0.15,-5.11,0.0404,131.43,0.841,2
7tYCf3ftc99AQrn2cXYM6d,0.26,0.668,0.686,3.03e-05,0.31,-5.95,0.149,101.936,0.323,2
5C8ySsx3AT121g24uYR823,0.117,0.769,0.858,0.0186,0.157,-6.01,0.15,160.049,0.86,2
3SawmGBjjq8EOYZJV11cJm,0.00124,0.47,0.709,0.00121,0.302,-4.563,0.0299,98.036,0.247,2
06rcHn4ehOCA1I1n6CJ2lb,0.00906,0.877,0.639,0.00205,0.224,-7.886,0.0582,116.996,0.63,2
2rmwqU7yzTvzkiaRV53DpT,0.0922,0.721,0.769,0.0,0.0817,-4.111,0.105,155.932,0.915,2
5D34wRmbFS29AjtTOP2QJe,0.19,0.787,0.775,6.54e-05,0.113,-6.614,0.0548,118.998,0.787,2
1vYXt7VSjH9JIM5oRRo7vA,0.0207,0.671,0.845,0.0,0.329,-4.93,0.048,110.056,0.775,2
3WNZCfPoouCRTbZR0pi0Vn,0.512,0.451,0.422,0.162,0.139,-8.477,0.0433,119.998,0.119,2
7vBHTxpZuSuywxr9n1tuzv,0.0658,0.804,0.746,0.0424,0.291,-9.262,0.183,109.941,0.728,2
72yP0DUlWPyH8P7IoxskwN,0.0746,0.667,0.75,0.000198,0.197,-4.602,0.0906,126.041,0.486,2
4tekXLedu6wxNhHkKjFkPE,0.246,0.843,0.7,0.0,0.256,-4.577,0.0783,110.009,0.638,2
4WnmTHCNN45jvQCrlbEWs0,0.037,0.708,0.598,0.0,0.17,-8.365,0.0291,112.027,0.698,2
629DixmZGHc7ILtEntuiWE,0.0452,0.893,0.4,0.0823,0.0632,-7.981,0.0643,124.987,0.945,2
6yc6GZm46yU5lYd9mfKTkw,0.363,0.718,0.682,0.000387,0.0868,-8.53,0.0481,110.01,0.315,2
7221xIgOnuakPdLqT0F3nP,0.00757,0.638,0.855,0.0,0.245,-4.86,0.0264,127.986,0.731,2
3IHaiorYWOcr8Kzs85PWF7,0.0558,0.745,0.729,0.0,0.0589,-5.573,0.221,115.028,0.629,2
3p1Hj8VQuiWwQOoAHXJK4v,0.0333,0.766,0.875,0.0253,0.203,-7.673,0.711,128.046,0.479,2
40SBS57su9xLiE1WqkXOVr,0.0166,0.578,0.912,0.00362,0.273,-3.929,0.114,127.87,0.68,2
3ponDZeMH4ONWpPCyfrJ5L,0.213,0.683,0.652,5.89e-05,0.395,-7.779,0.0544,89.987,0.408,2
1PckUlxKqWQs3RlWXVBLw3,0.0995,0.836,0.743,0.0,0.335,-6.305,0.0656,108.966,0.722,2
40gooTta3y4FgzXaMOGDJL,0.328,0.722,0.706,0.0,0.108,-4.552,0.0314,114.983,0.715,2
2XWV1kIh4nth7BbpUjd371,0.188,0.622,0.802,0.0,0.389,-6.272,0.0725,120.012,0.329,2
6sZo5nJIsFWXefRCCexpx0,0.0273,0.668,0.802,0.0,0.163,-4.005,0.0917,113.796,0.769,2
6hb6lIxUkaf336YTJ8gTyZ,0.158,0.896,0.685,0.227,0.0396,-6.224,0.0585,111.945,0.582,2
2wXfd4Vz6pzJrrPvGhpYz0,0.00248,0.584,0.742,1.78e-05,0.0813,-5.201,0.0373,75.986,0.585,2
0TDaAmClKfSekHhvHBKxz5,0.00722,0.694,0.705,0.000409,0.136,-8.101,0.104,123.973,0.338,2
3h0tEwAyOCQDa4X8NEcy0Q,0.0487,0.769,0.596,0.00803,0.204,-9.359,0.0524,105.032,0.259,2
19kHhX6f6EfLU7rcO3RqjO,0.207,0.62,0.761,0.000147,0.269,-7.282,0.175,146.003,0.194,2
4BdGO1CaObRD4La9l5Zanz,0.117,0.638,0.738,0.000384,0.689,-4.976,0.0292,97.021,0.657,2
2mGvo3ClBGV0nJQ89wswui,0.0929,0.7,0.816,0.0,0.0333,-4.942,0.142,96.986,0.724,2
4sigEqg7SMeZsn8haXoloU,0.148,0.7,0.705,0.0343,0.161,-6.026,0.0414,99.97,0.521,2
0MFwVhsX9FgBKR57G8s84R,0.00423,0.771,0.738,0.00419,0.501,-4.88,0.0303,126.983,0.761,2
7KA4W4McWYRpgf0fWsJZWB,0.371,0.558,0.559,7.49e-06,0.109,-9.222,0.0959,78.558,0.62,2
6JRbMrGIQbvE9Ybd6xW0u6,0.0355,0.621,0.684,0.0318,0.371,-7.539,0.0448,95.004,0.713,2
43VvkZyh76hSu1aACUa4BK,0.113,0.768,0.698,5.06e-06,0.125,-7.58,0.337,120.0,0.732,2
7FESgYLcOufHqKlwrvJN60,0.0406,0.78,0.798,6.31e-05,0.0733,-5.151,0.0613,78.969,0.771,2
3HeZam86SuxGp1wZ3XMIjE,0.108,0.808,0.538,0.0743,0.0555,-10.211,0.0608,108.026,0.416,2
7pgy6WlDetgieGS7ABkftw,0.22,0.658,0.481,0.793,0.247,-8.817,0.0837,104.755,0.222,2
04caEZhAsQKnWqKsMwk9ud,0.0243,0.639,0.715,0.000552,0.619,-8.954,0.0392,128.072,0.813,2
1tNJrcVe6gwLEiZCtprs1u,0.223,0.815,0.518,0.0,0.104,-6.594,0.0897,151.891,0.877,2
1nWydPjxaHwae1T4DMhOMf,0.303,0.742,0.461,0.0173,0.112,-12.369,0.292,120.034,0.118,2
3YgtkOxZsTuaZdL8McA1FQ,0.582,0.747,0.867,0.00413,0.114,-7.311,0.088,124.015,0.684,2
5bcTCxgc7xVfSaMV3RuVke,0.0642,0.893,0.745,0.0,0.0943,-3.105,0.0571,101.018,0.872,2
0UiQQoQT0ZfPTGogNR2Qpj,0.0516,0.694,0.769,0.0,0.344,-4.901,0.0551,126.03,0.505,2
3OWoUTFewCAnGIkFHdL6KK,0.338,0.769,0.46,0.0693,0.477,-11.988,0.345,126.026,0.215,2
6nNXTSvVO6ue9Ywshh4PZ4,0.463,0.898,0.564,0.00553,0.113,-9.207,0.121,117.992,0.435,2
16frIpnyUb9poRwQxQTmaC,0.16,0.876,0.565,0.0284,0.114,-6.569,0.0333,111.936,0.931,2
4Z2zWAUN9YVxHkZXS7s1KE,0.167,0.734,0.67,7.32e-06,0.136,-5.691,0.0248,110.985,0.578,2
3DP6Puxk9he7RoolZv7SPz,0.0894,0.725,0.808,0.274,0.35,-7.717,0.0883,116.993,0.146,2
4h9wh7iOZ0GGn8QVp4RAOB,0.0826,0.704,0.797,0.000745,0.0546,-5.927,0.0475,139.994,0.825,2
4vd6dl0a2tvMBLTbEh2HcA,0.029,0.717,0.798,3.16e-06,0.12,-6.01,0.0471,115.938,0.735,2
24ySl2hOPGCDcxBxFIqWBu,0.021,0.672,0.855,0.0,0.323,-3.764,0.0397,123.056,0.646,2
260Ub1Yuj4CobdISTOBvM9,0.000927,0.721,0.701,0.026,0.234,-5.941,0.0306,130.091,0.892,2
6k1uYR0q9GDIbeJpuPCl9b,0.793,0.681,0.467,1.74e-05,0.0708,-9.682,0.0712,115.138,0.125,2
2z7VITS30dBexE91V5QXWv,0.161,0.743,0.832,0.0,0.0925,-3.937,0.0611,149.951,0.801,2
3L4jHpBf2gil2kUYFcYVxO,0.0169,0.716,0.896,0.00036,0.0957,-5.976,0.0591,120.106,0.33,2
1jEBSDN5vYViJQr78W7jr2,0.105,0.689,0.627,0.000321,0.0905,-5.692,0.308,184.008,0.905,2
2dpaYNEQHiRxtZbfNsse99,0.191,0.687,0.792,0.0,0.167,-2.749,0.0452,100.011,0.671,2
3PFwjTXeqg76QcdZep1jmz,0.00548,0.702,0.772,0.0,0.176,-7.411,0.0352,120.003,0.558,2
3VLHw9LckKrlGkzPxfJRLE,0.0265,0.627,0.921,0.00191,0.367,-5.896,0.224,125.978,0.222,2
3glNWhZ110B2DLJcCyPfGt,0.503,0.666,0.626,0.00025,0.449,-7.733,0.0862,109.876,0.404,2
5lfWrciYtohtIMVDVZd0Rf,0.276,0.81,0.733,6.73e-06,0.288,-6.338,0.0444,125.975,0.9,2
1Efuhe5pbP6oBeBZ9VbGw8,0.113,0.837,0.639,0.000665,0.0732,-6.774,0.0595,117.971,0.477,2
16Fxe5DvEXRxQwcorFyaIO,0.642,0.843,0.429,0.0,0.274,-7.023,0.0928,132.91,0.71,2
0MP8D9PQsFcx23hEwz5ZMO,0.0278,0.647,0.582,0.00161,0.45,-8.161,0.0938,124.955,0.388,2
4pNe1h6fI98gVafiF9xf0w,0.782,0.812,0.432,0.493,0.134,-9.119,0.0384,89.0,0.629,2
38XLUjlR84JEwK0SOvX77a,0.141,0.782,0.798,0.0,0.685,-5.07,0.0337,127.89,0.905,2
7aXPP2PcgYed5TYEC0JHIF,0.483,0.664,0.824,0.00578,0.125,-7.72,0.0643,98.988,0.197,2
2jxB6JRcwnyP5nLXStZJxs,0.182,0.542,0.536,0.00023,0.109,-10.221,0.227,99.871,0.146,2
5r43qanLhUCdBj8HN3fa6B,0.137,0.697,0.875,0.0,0.28,-4.621,0.034,140.069,0.774,2
5o6SMJaMQqDdG21ypMH6js,0.00212,0.645,0.739,0.0118,0.27,-6.293,0.0563,105.034,0.5,2
7ef4DlsgrMEH11cDZd32M6,0.037,0.791,0.862,2.19e-05,0.0814,-3.24,0.11,123.994,0.592,2
0RW1UL8w8rjQkaIaljaFc5,0.192,0.747,0.822,0.0,0.288,-5.15,0.0893,115.937,0.862,2
5LI5DHVYrtMKJQaedaUhTS,0.284,0.683,0.758,0.0,0.312,-7.29,0.163,95.956,0.686,2
6oELcspL4BONtElLhJfBPI,0.0714,0.737,0.682,0.00916,0.158,-4.2,0.0383,126.028,0.393,2
76hfruVvmfQbw0eYn1nmeC,0.152,0.774,0.753,0.0,0.0371,-5.446,0.0517,119.002,0.896,2
1YNejxrTddSkGseyZRDZRG,0.0344,0.609,0.878,0.123,0.202,-6.587,0.0438,113.985,0.674,2
4tUEEazNNKuPRP1CNb1TjM,0.525,0.645,0.434,0.179,0.204,-13.199,0.171,170.22,0.385,2
7s2kWabRM60W9I61HpKg8C,0.237,0.73,0.483,7.99e-05,0.31,-8.565,0.0879,87.996,0.883,2
3lUQpvfWFcxZC3RYAVGE7F,0.0233,0.803,0.75,3.87e-05,0.045,-4.67,0.0551,106.0,0.628,2
0CFDOgUcUUngd612sIAjyF,0.408,0.863,0.502,0.0391,0.237,-12.239,0.0554,120.006,0.442,2
4nK5YrxbMGZstTLbvj6Gxw,0.304,0.863,0.63,3.04e-05,0.123,-4.688,0.0537,128.977,0.816,2
36JXKRIYkJqJqGQRswwKvT,0.219,0.739,0.494,2.4e-05,0.16,-11.595,0.113,120.069,0.505,2
35QAUfIbfIXT3p3cWhaKxZ,0.276,0.786,0.686,0.668,0.0416,-7.18,0.0289,119.997,0.542,2
0ZDwhNFZnPx9EIPCcwGUHC,0.288,0.64,0.673,2.15e-06,0.113,-4.519,0.563,209.942,0.736,2
3gHqqfGzGlA6AomepHu4zj,0.326,0.735,0.483,0.000189,0.135,-9.437,0.0775,117.019,0.184,2
7sxb5C2mE0l5xfSL9M2hxQ,0.0134,0.674,0.767,6.95e-06,0.358,-6.86,0.116,105.029,0.69,2
0mpkpO26XkXjT5t3vyl8PA,0.482,0.791,0.387,0.000109,0.251,-9.6,0.159,117.05,0.528,2
1Tr3jVZlaNgi0xgPNQKBs9,0.000998,0.638,0.89,0.137,0.0889,-6.109,0.0349,122.018,0.134,2
52UESFZWWJ0ATZa0PNe8ki,0.336,0.673,0.68,0.00365,0.304,-8.073,0.0605,116.019,0.161,2
7hCNBVRhHzcsRAv0TQnOzq,0.263,0.658,0.762,0.0,0.127,-3.028,0.0425,163.864,0.823,2
2oakI4aTZTOXPjL2jy4b94,0.0399,0.665,0.713,0.0,0.0734,-5.779,0.0376,89.979,0.386,2
0e8nrvls4Qqv5Rfa2UhqmO,0.00614,0.737,0.846,0.0,0.0486,-4.51,0.22,87.981,0.546,2
1Q2gUmvHoPeLuPi7WPq8lP,0.349,0.734,0.464,0.078,0.0952,-11.389,0.0597,122.002,0.171,2
1qpsofJala45QFepOTMPB1,0.823,0.806,0.484,0.629,0.13,-9.41,0.0838,109.979,0.435,2
1uMHCAyGmHqyygoNRuo7MV,0.023,0.815,0.848,0.000162,0.0265,-4.704,0.115,106.032,0.684,2
73M0rMVx5CWE8M4uATSsto,0.355,0.706,0.824,0.000133,0.111,-7.959,0.0694,94.98,0.86,2
3juipaq8Z1iYYHyVg27wHs,0.0608,0.738,0.716,2.33e-06,0.183,-6.197,0.129,120.072,0.368,2
1MSr681PNnYl99LGajtPi5,0.0333,0.673,0.671,0.107,0.0835,-7.026,0.0358,107.013,0.31,2
51PSUD2YHjPyAy3jnkaoy7,0.125,0.731,0.626,0.0,0.183,-6.919,0.0805,82.488,0.862,2
5VTcvSlh2jWsQqOdRHXZdT,0.113,0.731,0.618,3.92e-06,0.132,-6.452,0.0786,120.995,0.662,2
4LRPiXqCikLlN15c3yImP7,0.342,0.52,0.731,0.00101,0.311,-5.338,0.0557,173.93,0.662,2
4RAR8g8fZNB106ezUurnE0,0.293,0.75,0.797,0.0,0.392,-4.826,0.118,105.949,0.523,2
18EBIqGYHjF5MoXvw8OAhr,0.197,0.605,0.356,0.843,0.485,-16.973,0.222,105.028,0.499,2
4xJgLXFUkIkILn6Z5IHBtD,0.343,0.697,0.751,0.00291,0.136,-8.253,0.0943,111.985,0.305,2
748mdHapucXQri7IAO8yFK,0.235,0.762,0.701,0.000158,0.123,-3.541,0.0286,110.968,0.742,2
01FnTmSe5zIE0LmqPISajN,0.0706,0.686,0.574,0.0647,0.0894,-8.868,0.0272,123.0,0.545,2
0Kk0afCAfEVtdJgDgISayk,0.173,0.617,0.612,0.0417,0.126,-8.508,0.0553,119.936,0.468,2
5c0lWlmIyCq7hzBhpZasYL,0.00912,0.688,0.742,1.37e-06,0.186,-6.363,0.0496,110.026,0.74,2
4YS0MW1khH9F0Ktg4QgMZN,0.644,0.839,0.531,0.777,0.0988,-8.211,0.0677,159.96,0.775,2
2xXPVOKw75Ouju8Qu4SdIA,0.0156,0.703,0.624,5.53e-05,0.299,-6.228,0.0364,131.966,0.808,2
1m8jhrWGlDXOWI2l8JG9Lk,0.119,0.819,0.657,1.54e-05,0.887,-6.009,0.242,142.938,0.916,2
0r3loIdpqMDjYwpMiY1XU4,0.0064,0.557,0.742,0.822,0.144,-9.51,0.0322,119.973,0.196,2
3Jl6WHQ5cXbSM1yZXay6XN,0.0288,0.582,0.913,0.67,0.331,-6.517,0.0387,105.009,0.715,2
3ZAtgPjqwwxxvXk9mbUeFX,0.146,0.692,0.67,0.00084,0.262,-7.459,0.0302,124.96,0.601,2
4iJyoBOLtHqaGxP12qzhQI,0.321,0.677,0.696,0.0,0.42,-6.181,0.119,90.03,0.464,2
0gOA1SWEZhRECJRguyxFFZ,0.0272,0.604,0.76,0.0283,0.129,-5.702,0.0307,154.966,0.777,2
11rz4gQIUR7DmIXqQ4MoKm,0.239,0.737,0.377,0.829,0.164,-10.884,0.051,100.013,0.33,2
6NgvAmrhjUENGdtVQnBHx8,0.0732,0.721,0.823,2.18e-06,0.0969,-4.596,0.0635,102.989,0.573,2
6JV2JOEocMgcZxYSZelKcc,0.0123,0.666,0.83,0.0,0.191,-5.715,0.0751,113.03,0.702,2
1qEmFfgcLObUfQm0j1W2CK,0.298,0.714,0.728,0.0,0.106,-4.595,0.0468,114.996,0.901,2
2hPIKvnUTG6xklMU1TWhOe,0.00231,0.66,0.795,0.225,0.469,-6.677,0.0352,124.026,0.241,2
03m9IVJBNQ1nEunB5W3IhM,0.221,0.698,0.871,0.0,0.298,-7.073,0.0469,98.003,0.79,2
7hSqDio508Z7R2hZ7klFrv,0.0537,0.689,0.797,0.0,0.212,-5.604,0.128,117.982,0.855,2
3Dv1eDb0MEgF93GpLXlucZ,0.264,0.787,0.673,3.35e-06,0.0904,-4.583,0.159,110.962,0.779,2
5Yo5PpwKlekpbOd8JucLAP,0.00325,0.706,0.68,7.04e-05,0.146,-9.103,0.0324,115.04,0.43,2
4vHNeBWDQpVCmGbaccrRzi,0.821,0.739,0.522,0.00124,0.233,-12.304,0.151,138.263,0.619,2
4ReJJcpW8HtVnqzhf6DwNV,0.429,0.875,0.649,0.00237,0.0704,-5.754,0.0433,140.031,0.833,2
2gK4qTOtzYQiiOW6I2bXj8,0.572,0.753,0.54,0.00152,0.121,-8.857,0.0419,104.075,0.233,2
7wV5gBT9RMMl7LPRG6swGg,0.0616,0.611,0.677,0.26,0.137,-9.257,0.0347,120.028,0.112,2
4DHcnVTT87F0zZhRPYmZ3B,0.0584,0.706,0.691,6.99e-05,0.0232,-4.775,0.0633,118.048,0.632,2
6UelLqGlWMcVH1E5c4H7lY,0.122,0.548,0.816,0.0,0.335,-4.209,0.0465,95.39,0.557,2
1Cv1YLb4q0RzL6pybtaMLo,0.183,0.878,0.525,0.0,0.0714,-6.832,0.0578,112.022,0.694,2
278i9DLKIzzlcQgS4OoXHT,0.522,0.551,0.589,0.0104,0.208,-9.593,0.0563,83.899,0.494,2
5Iv4HuT9pKPi5WuE2ii3vs,0.00687,0.752,0.781,2.73e-06,0.178,-5.493,0.0429,118.053,0.787,2
53yryXhiQH6zt8tUjE6V32,0.489,0.78,0.352,3.49e-05,0.145,-9.197,0.206,114.978,0.549,2
4NexTaCZZ7Ehnf03A6SVjt,0.158,0.8,0.66,0.02,0.14,-4.903,0.158,117.923,0.634,2
4DAaQ5InUO23d8yNRbB0Yj,0.145,0.714,0.663,0.0,0.264,-5.799,0.0694,95.497,0.64,2
55h7vJchibLdUkxdlX3fK7,0.0412,0.874,0.692,7.24e-05,0.324,-5.28,0.0431,116.017,0.937,2
6ESPVLQpEGHoVgcOi8A4XB,0.563,0.789,0.658,0.0112,0.329,-6.186,0.134,105.039,0.276,2
0AMtfRPz8MIjBApTIRVO4T,0.19,0.778,0.555,0.000362,0.198,-12.339,0.279,100.977,0.698,2
0HXiFFhg287d15ssjFaRZp,0.317,0.78,0.563,2.44e-06,0.48,-6.985,0.061,135.059,0.903,2
6YVajR33kCWLhWpMVD8AGD,0.00598,0.636,0.797,4.26e-06,0.114,-4.644,0.0296,139.963,0.965,2
7sa9I0xtopN7IdUcy1atuB,0.00129,0.625,0.747,0.0138,0.0772,-5.776,0.0285,120.026,0.0939,2
6AXKj2dD1RPQpblLKns1Am,0.0112,0.596,0.872,0.000428,0.159,-5.298,0.0351,137.992,0.502,2
1Ad2HcIX9zBqoWRvxtpYGf,0.143,0.673,0.72,1.82e-05,0.913,-7.318,0.039,123.032,0.588,2
3HL3TJezSH1S7e1daqWb7g,0.0884,0.667,0.744,2.02e-05,0.135,-6.238,0.0291,124.031,0.185,2
6iYMfxznTBlcVOgRHab2W0,0.000564,0.566,0.846,0.000795,0.121,-6.904,0.035,160.02,0.86,2
3zIyOzZR70dOjAI1OPom7W,0.546,0.707,0.573,0.0779,0.11,-8.524,0.0397,92.975,0.134,2
5kyJ6sznnWACqHbw65p34Q,0.397,0.706,0.77,1.84e-05,0.209,-6.224,0.0653,117.075,0.967,2
5hnGrTBaEsdukpDF6aZg8a,0.214,0.4,0.641,0.0,0.0656,-6.303,0.0674,81.552,0.393,3
3JvKfv6T31zO0ini8iNItO,0.695,0.445,0.537,1.65e-05,0.0944,-8.532,0.04,122.769,0.131,3
4IhTXiZLKATmwhMZIb1GQN,0.981,0.44,0.04,0.465,0.111,-16.887,0.0322,135.965,0.249,3
7qEHsqek33rTcFNT9PFqLf,0.751,0.501,0.405,0.0,0.105,-5.679,0.0319,109.891,0.446,3
1ugQtcwmKOXvKAYzhjncmv,0.855,0.411,0.204,0.0,0.143,-11.575,0.0578,70.853,0.337,3
60iSKGrGazRzICtMjADNSM,0.443,0.688,0.53,0.0,0.0995,-5.507,0.0333,106.958,0.162,3
219slQu3ALbTSAe9P22hvE,0.885,0.502,0.168,0.0,0.111,-14.061,0.0486,112.881,0.355,3
5Nm9ERjJZ5oyfXZTECKmRt,0.588,0.413,0.42,6.39e-05,0.11,-6.444,0.0416,84.126,0.185,3
27829SWtwhWUANViVTEpol,0.717,0.477,0.445,0.0,0.0996,-5.395,0.0338,82.765,0.466,3
0DuWDLjriRPjDRoPgaCslY,0.528,0.331,0.341,0.0,0.109,-6.057,0.0309,109.821,0.152,3
4Of7rzpRpV1mWRbhp5rAqG,0.946,0.736,0.308,0.0,0.186,-7.83,0.0677,111.202,0.361,3
1B62o4CbdL9ckGvwsz2cgn,0.868,0.604,0.36,0.0343,0.112,-10.109,0.0253,103.985,0.37,3
0IHDNjKLm8HDLEN3nbsIoh,0.893,0.574,0.336,0.000274,0.106,-12.837,0.06,109.922,0.197,3
4ZLzoOkj0MPWrTLvooIuaa,0.72,0.498,0.235,0.0,0.144,-16.541,0.188,118.917,0.0895,3
12OLyHDxt6dqlAybSPFBK3,0.873,0.646,0.355,0.0,0.115,-7.119,0.0263,84.988,0.364,3
5vjLSffimiIP26QG5WcN2K,0.469,0.618,0.443,0.0,0.0829,-9.681,0.0526,119.949,0.167,3
0eUoazaVUu4Y83USuUTz7P,0.734,0.583,0.432,0.0,0.346,-4.598,0.0301,124.066,0.264,3
5zCunX8URvLoBHlg1Fnjv6,0.954,0.418,0.248,4.21e-06,0.108,-9.997,0.0451,130.953,0.298,3
4ENjopIjOD5PKPb52NKNKo,0.673,0.4,0.335,0.0,0.0856,-8.355,0.0389,99.378,0.208,3
4N2LGoEJi3aGDgEAnsjtBz,0.664,0.508,0.404,0.0,0.104,-11.092,0.0788,81.713,0.129,3
2VDTqhsSzrRxsbjvv4KLPl,0.797,0.569,0.393,0.0,0.123,-6.507,0.0411,128.704,0.405,3
1odExI7RdWc4BT515LTAwj,0.83,0.508,0.43,0.000441,0.093,-9.475,0.0335,130.09,0.324,3
69vToJ9BMbbLlFZo7k7A7B,0.918,0.329,0.235,0.0,0.137,-7.699,0.0303,171.006,0.22,3
2Yy0FsAV2I5VXU4xpph2WN,0.945,0.621,0.31,6.12e-05,0.117,-10.164,0.0283,111.881,0.125,3
3cgHwqbHcu1DKFADvkgPJ7,0.675,0.557,0.317,1.86e-06,0.101,-9.497,0.0335,120.419,0.166,3
6J2LdBN97cDWn0MLxYh9HB,0.868,0.708,0.186,0.0,0.0779,-8.953,0.042,72.541,0.322,3
3AUJPkufIPae7u2NYa2UL5,0.819,0.582,0.372,0.0,0.295,-5.768,0.0294,125.901,0.297,3
0Mq0reDcNpgmQkjHfzpJrp,0.819,0.581,0.263,0.0,0.0808,-10.411,0.032,125.004,0.229,3
41WTP0gosjYD74B06uS2tL,0.905,0.531,0.347,0.0,0.0935,-7.044,0.0345,114.441,0.289,3
226PUvIuxGdceSijXXZRRz,0.694,0.657,0.355,0.000425,0.123,-12.047,0.0715,74.99,0.0808,3
5hwh37sTi84MVhCBMWzhGE,0.928,0.477,0.242,0.0,0.0818,-9.162,0.0529,43.509,0.488,3
0zMzyHAeMvwq5CRstru1Fp,0.963,0.586,0.128,0.0,0.0858,-9.297,0.0496,123.498,0.371,3
6ATgDc6e4sPn84hvJsAmPt,0.656,0.407,0.416,0.0,0.0981,-8.915,0.174,176.947,0.246,3
5qrSlOut2rNAWv3ubArkNy,0.705,0.551,0.537,0.0,0.0802,-7.595,0.034,126.421,0.493,3
5MzXUNfn8AAcz4Z6j2KgTK,0.817,0.383,0.43,1.04e-06,0.0869,-8.644,0.0302,107.005,0.174,3
6O5TrlFWTYvznd9fMC0VvU,0.303,0.376,0.595,0.0,0.095,-5.936,0.0496,144.361,0.265,3
2Kz5qeXifBxE0zmuoVchlM,0.0831,0.474,0.707,0.0,0.162,-4.534,0.0253,83.235,0.224,3
54KFQB6N4pn926IUUYZGzK,0.885,0.264,0.122,0.349,0.094,-15.399,0.0349,148.658,0.0735,3
5TvE3pk05pyFIGdSY9j4DJ,0.857,0.407,0.147,2.89e-06,0.0913,-8.822,0.0355,141.284,0.0765,3
5dyihZecYMcEPq09Bk2OL2,0.952,0.731,0.153,0.0,0.134,-14.409,0.0562,78.072,0.324,3
5sF7hdYvhrcgNq8NZjfK8L,0.964,0.405,0.111,4.37e-05,0.0872,-11.879,0.0369,116.86,0.219,3
55Am8neGJkdj2ADaM3aw5H,0.701,0.311,0.485,0.0,0.0726,-5.726,0.0365,77.355,0.225,3
4G92yYrUs0cvY7G41YRI0z,0.874,0.439,0.153,0.0,0.107,-8.95,0.0479,116.76,0.104,3
6pP5RJbBH6eKR8BCYX3MSU,0.886,0.604,0.261,0.0,0.142,-7.736,0.0598,77.245,0.361,3
76eBb8heDKtUg68WiKX9j1,0.292,0.558,0.451,0.0,0.101,-6.163,0.0388,150.008,0.238,3
4AFwnrH5atiJoAd5xS5QtR,0.434,0.605,0.629,0.0,0.097,-5.051,0.0278,99.893,0.308,3
2NUx9qTDo8pwU4lpFZPVPF,0.0835,0.547,0.389,0.0,0.0443,-12.789,0.0357,90.01,0.27,3
16XiTUC2rQvb5lmtOm3FYY,0.177,0.563,0.473,1.5e-06,0.108,-4.147,0.0361,69.926,0.342,3
4nyF5lmSziBAt7ESAUjpbx,0.731,0.445,0.455,1.47e-06,0.124,-6.405,0.0575,109.885,0.151,3
1NrJYpdAi7uosDRPmSYrsG,0.363,0.593,0.74,2.22e-05,0.102,-6.12,0.0339,118.008,0.502,3
75JFxkI2RXiU7L9VXzMkle,0.731,0.557,0.442,1.46e-05,0.11,-7.224,0.0243,146.277,0.213,3
4nVBt6MZDDP6tRVdQTgxJg,0.225,0.6,0.663,0.0,0.119,-5.802,0.0477,121.07,0.286,3
5fVZC9GiM4e8vu99W0Xf6J,0.269,0.64,0.743,0.0,0.101,-4.08,0.0379,122.035,0.361,3
3Pbp7cUCx4d3OAkZSCoNvn,0.384,0.527,0.551,2.75e-06,0.403,-11.258,0.0345,148.035,0.443,3
4IoYz8XqqdowINzfRrFnhi,0.0187,0.338,0.803,0.0,0.136,-5.412,0.0413,151.994,0.4,3
4llK75pXNWZz6KAho2Gp16,0.228,0.651,0.663,0.0,0.0994,-5.569,0.0281,102.0,0.465,3
0mUyMawtxj1CJ76kn9gIZK,0.448,0.599,0.785,0.00336,0.151,-4.013,0.0309,140.046,0.52,3
0NlGoUyOJSuSHmngoibVAs,0.174,0.188,0.411,0.153,0.0843,-9.733,0.0484,187.376,0.159,3
2L9N0zZnd37dwF0clgxMGI,0.473,0.516,0.322,0.00194,0.215,-11.762,0.0292,148.005,0.261,3
4kflIGfjdZJW4ot2ioixTB,0.892,0.559,0.33,0.0,0.0975,-8.251,0.0285,135.109,0.285,3
5uCax9HTNlzGybIStD3vDh,0.695,0.358,0.557,0.0,0.0902,-7.398,0.059,85.043,0.494,3
1BiCuznvS1EU9TDifqYm4I,0.41,0.664,0.547,0.0,0.308,-5.927,0.06,79.937,0.404,3
7795WJLVKJoAyVoOtCWqXN,0.529,0.678,0.484,2.01e-05,0.0766,-5.795,0.0361,82.004,0.493,3
2fmyrECK6bdfoGven0UMZx,0.084,0.525,0.61,0.0,0.0572,-6.793,0.0404,101.875,0.293,3
2BOqDYLOJBiMOXShCV1neZ,0.837,0.681,0.174,3.35e-05,0.0983,-8.745,0.0315,112.672,0.231,3
0VhgEqMTNZwYL1ARDLLNCX,0.308,0.696,0.543,0.0,0.0939,-6.164,0.0489,107.969,0.479,3
6DWCcTqHTTMY7gJa3fD1q1,0.73,0.426,0.449,0.0,0.119,-6.549,0.0298,110.995,0.197,3
5Ohxk2dO5COHF1krpoPigN,0.0275,0.516,0.595,0.0,0.109,-4.63,0.0313,119.972,0.222,3
13HVjjWUZFaWilh2QUJKsP,0.82,0.536,0.311,1.65e-05,0.107,-10.396,0.0288,147.486,0.246,3
0nJW01T7XtvILxQgC5J7Wh,0.932,0.612,0.28,0.0,0.088,-8.648,0.0434,72.795,0.387,3
3KbFtYPyVP6C7BQVgH2cCf,0.904,0.561,0.245,0.0,0.0933,-6.372,0.0344,109.558,0.402,3
6mORGLOz79w6VsCRLWYYuK,0.969,0.443,0.369,0.277,0.638,-9.514,0.0441,174.107,0.0989,3
6lanRgr6wXibZr8KgzXxBl,0.309,0.421,0.407,0.000961,0.11,-7.445,0.0267,139.028,0.161,3
6P7tTFzn6oNa0GL8w8oazE,0.894,0.552,0.18,0.000393,0.105,-10.583,0.0293,76.995,0.0896,3
3U4isOIWM3VvDubwSI3y7a,0.922,0.422,0.264,0.0,0.132,-7.064,0.0322,119.93,0.331,3
0TAmnCzOtqRfvA38DDLTjj,0.811,0.709,0.22,0.0,0.175,-11.856,0.0327,110.076,0.53,3
0qvzXomUDJVaUboy2wMfiS,0.712,0.677,0.401,0.0,0.116,-8.467,0.0308,111.825,0.195,3
12Vq5jSh7oJHTN0n1lALD9,0.911,0.489,0.283,6.19e-05,0.112,-11.482,0.0446,139.944,0.464,3
0gJvqi9QyASOCtJu99tytc,0.248,0.587,0.583,0.0,0.124,-5.284,0.0313,139.92,0.15,3
6u9RqxALwkjJ1ukB1y8vuP,0.00455,0.574,0.704,0.0,0.107,-4.72,0.0319,109.999,0.368,3
5QXtO5ZYgzGmKTDUqWdhfB,0.778,0.407,0.308,1.46e-05,0.092,-9.001,0.0296,73.254,0.153,3
5TTyyKNJZHONhjtAiXL1nG,0.443,0.467,0.469,0.000216,0.0874,-10.523,0.0374,199.752,0.576,3
5rEvuW4YhwobKwGL1HPrXA,0.365,0.479,0.545,0.0,0.0963,-7.346,0.0688,74.897,0.243,3
3qhlB30KknSejmIvZZLjOD,0.0351,0.689,0.454,0.00259,0.0707,-7.643,0.0584,159.982,0.912,3
1mXVgsBdtIVeCLJnSnmtdV,0.638,0.715,0.372,0.0,0.169,-8.237,0.0443,91.931,0.474,3
4KULAymBBJcPRpk1yO4dOG,0.554,0.429,0.453,2e-06,0.102,-7.746,0.0459,77.639,0.155,3
5yVIlYEHZxQVLyInCdldoS,0.135,0.376,0.695,0.0,0.11,-4.782,0.0933,169.533,0.302,3
5PKWUDfQFtc5qqo8cs1gQp,0.00408,0.603,0.67,1.66e-06,0.112,-3.882,0.0249,107.995,0.445,3
0ZUo4YjG4saFnEJhdWp9Bt,0.271,0.519,0.749,0.0,0.119,-3.318,0.0405,147.905,0.29,3
1fyysXwSGNtMeqMBLwW3SI,0.144,0.63,0.694,0.0,0.0835,-4.501,0.0242,94.034,0.49,3
6k8kLJFmWkHaTbSLUhJ3H0,0.952,0.379,0.29,0.000996,0.118,-8.487,0.0513,165.997,0.184,3
2afCBiru10AFckfOa49wIa,0.22,0.574,0.329,0.0,0.0986,-6.829,0.0274,130.993,0.356,3
4KlL5Bwlm4yHYxr0B2rHci,0.952,0.445,0.179,0.00056,0.107,-12.938,0.0396,72.246,0.119,3
0M3HkE321xpCbCYqVKzr1q,0.337,0.576,0.835,0.0,0.082,-6.826,0.0486,150.017,0.476,3
555CH6CnGJRqO37pqA30vW,0.761,0.455,0.296,0.0,0.0783,-8.513,0.0399,171.744,0.31,3
3bNv3VuUOKgrf5hu3YcuRo,0.893,0.556,0.319,0.0,0.0996,-8.251,0.0281,135.187,0.294,3
3H3r2nKWa3Yk5gt8xgmsEt,0.733,0.605,0.377,0.0,0.0808,-6.213,0.0443,73.877,0.519,3
2f0pn9DkEJwAzXApnFh5cr,0.00517,0.52,0.903,0.0,0.254,-5.497,0.042,74.988,0.652,3
4iVVU8DyQvOVsKafv3KWIF,0.0146,0.585,0.625,1.8e-06,0.131,-5.94,0.109,68.68,0.28,3
0otRX6Z89qKkHkQ9OqJpKt,0.039,0.338,0.562,0.0,0.107,-7.181,0.029,149.907,0.259,3
50x1Ic8CaXkYNvjmxe3WXy,0.709,0.594,0.348,2.12e-05,0.317,-8.297,0.0285,120.048,0.248,3
3gdPwk2wyOXNRnTA1KXnEr,0.547,0.675,0.48,0.0,0.0943,-3.658,0.0316,107.86,0.491,3
1J14CdDAvBTE1AJYUOwl6C,0.827,0.453,0.35,0.00122,0.144,-11.639,0.0425,72.017,0.279,3
44G9fSM6qI8zRoG6Qwn3eq,0.0663,0.443,0.613,0.0,0.113,-4.214,0.047,120.865,0.342,3
2xlV2CuWgpPyE9e0GquKDN,0.588,0.436,0.473,4.35e-05,0.103,-7.24,0.0307,108.906,0.242,3
3T3sbHYwPvhTCfEeUtvbMF,0.76,0.371,0.501,0.0,0.515,-6.496,0.0383,98.019,0.456,3
1M2nd8jNUkkwrc1dgBPTJz,0.156,0.429,0.594,4.95e-06,0.1,-6.251,0.0277,150.22,0.236,3
2TIlqbIneP0ZY1O0EzYLlc,0.751,0.501,0.405,0.0,0.105,-5.679,0.032,109.889,0.447,3
3EPXxR3ImUwfayaurPi3cm,0.697,0.553,0.586,0.0,0.0813,-6.319,0.0362,126.684,0.443,3
3X003bO0MMxXEsJJxidiig,0.289,0.509,0.299,0.00109,0.117,-9.26,0.0321,125.754,0.174,3
1mKXFLRA179hdOWQBwUk9e,0.344,0.778,0.547,0.000306,0.132,-7.273,0.0489,95.0,0.442,3
5RIRoQACJBeVzRiDE8M1bM,0.318,0.649,0.684,0.0,0.0705,-5.777,0.0658,120.855,0.308,3
4PwTyisf9W7zfhAAflOKag,0.278,0.753,0.507,0.0,0.073,-4.013,0.0282,111.918,0.453,3
6Qyc6fS4DsZjB2mRW9DsQs,0.00125,0.315,0.715,7.97e-06,0.0942,-8.072,0.0362,155.925,0.497,3
